{"cameraMode":{"drawMode":0,"name":"Shaded","section":"Shading Mode"},"sceneLighting":true,"audioPlay":false,"sceneViewState":{"showFog":true,"showMaterialUpdate":false,"showSkybox":true,"showFlares":true,"showImageEffects":true,"showParticleSystems":true},"in2DMode":false,"pivot":{"x":-5.863873481750488,"y":3.350735664367676,"z":3.883953094482422},"rotation":{"x":0.023127425462007524,"y":-0.9378064274787903,"z":0.06368919461965561,"w":0.34051114320755007},"size":27.53542709350586,"orthographic":false}